Наименование,Цена,Ссылка на изображение,Краткое описание
"
        BRP Outlander 1000
              ","
$ 28 500
                                                             
                                                                                   2 511 990 сом
                                                                      ",https://im.mashina.kg/tachka/images//0/8/2/082d40eed3dfdca2a4ca10de1a607cdf_240x180.jpg,        мотовездеход                    
"
        BRP Outlander 1000
              ","
$ 26 000
                                                             
                                                                                   2 291 640 сом
                                                                      ",https://im.mashina.kg/tachka/images//d/7/c/d7cfa83d0d9548e7ee627b42b4c90afa_240x180.jpg,        мотовездеход                    
"
        BRP Outlander 1000
              ","
$ 27 000
                                                             
                                                                                   2 379 780 сом
                                                                      ",https://im.mashina.kg/tachka/images//7/2/8/728aa6783ea3f8d0f55d851e173d1c76_240x180.jpg,        мотовездеход                    
"
        BRP Outlander 1000
              ","
$ 27 000
                                                             
                                                                                   2 379 780 сом
                                                                      ",https://im.mashina.kg/tachka/images//b/1/c/b1c32741445402f784a9e8dbef4919e0_240x180.jpg,        мотовездеход                    
"
        Yamaha YZF-R6
              ","
$ 5 000
                                                             
                                                                                   440 700 сом
                                                                      ",https://im.mashina.kg/tachka/images//a/a/0/aa03b9e02d97e3c92ded2c02df1f1d73_240x180.jpg,        мотоцикл                    
"
        Kawasaki Z 1000
              ","
$ 8 300
                                                             
                                                                                   731 562 сом
                                                                      ",https://im.mashina.kg/tachka/images//0/c/a/0ca26dec6642fb193c52f8c4fd8ad490_240x180.jpg,        мотоцикл                    
"
        Honda CBF 600S
              ","
$ 4 700
                                                             
                                                                                   414 258 сом
                                                                      ",https://im.mashina.kg/tachka/images//5/4/d/54d6777b4196f3756a9ea23fd79f4768_240x180.jpg,        мотоцикл                    
"
        BRP Outlander 1000
              ","
$ 13 500
                                                             
                                                                                   1 189 890 сом
                                                                      ",https://im.mashina.kg/tachka/images//e/9/9/e99cccde70c22d0778f92689431649e2_240x180.jpg,        мотовездеход                    
"
        Yamaha Majesty
              ","
$ 2 042
                                                             
                                                                                   180 000 сом
                                                                      ",https://im.mashina.kg/tachka/images//e/6/0/e6095e3bfcce1a8096e24259ef3cdb30_240x180.jpg,        скутер                    
"
        Suzuki DL V-Strom
              ","
$ 5 500
                                                             
                                                                                   484 770 сом
                                                                      ",https://im.mashina.kg/tachka/images//d/4/5/d45f206207adb2022b033c185168b8c2_240x180.jpg,        мотоцикл                    
"
        BMW R 1200 GS
              ","
$ 6 000
                                                             
                                                                                   528 840 сом
                                                                      ",https://im.mashina.kg/tachka/images//7/6/e/76e994cf58340c12b3fb6fa08f2a3a98_240x180.jpg,        мотоцикл                    
"
        Zongshen CQR-250
              ","
$ 1 350
                                                             
                                                                                   118 989 сом
                                                                      ",https://im.mashina.kg/tachka/images//3/5/c/35c2df5c89864aaad4930d66d515ece9_240x180.jpg,        мотоцикл                    
"
        Yamaha YZF 600 R
              ","
$ 5 500
                                                             
                                                                                   484 770 сом
                                                                      ",https://im.mashina.kg/tachka/images//3/2/9/329ca614a1d0b686d3e20b08588931a6_240x180.jpg,        мотоцикл                    
"
        Zongshen CQR-250
              ","
$ 1 452
                                                             
                                                                                   128 000 сом
                                                                      ",https://im.mashina.kg/tachka/images//a/0/1/a01a4e615cb1793f7d0e08b3294eeb73_240x180.jpg,        мотоцикл                    
"
        Yamaha FZ6
              ","
$ 3 999
                                                             
                                                                                   352 472 сом
                                                                      ",https://im.mashina.kg/tachka/images//2/4/6/246b462887ad1da97ac230439bcd29bb_240x180.jpg,        мотоцикл                    
"
        Honda CB 250
              ","
$ 2 496
                                                             
                                                                                   220 000 сом
                                                                      ",https://im.mashina.kg/tachka/images//7/e/e/7ee5979b43410614532e7f0255f31257_240x180.jpg,        мотоцикл                    
"
        Китай (NoName) ZW125
              ","
$ 2 836
                                                             
                                                                                   250 000 сом
                                                                      ",https://im.mashina.kg/tachka/images//7/4/7/74790dd39964e413497b8af866756905_240x180.jpg,        мотоцикл                    
"
        Honda CB 400
              ","
$ 4 538
                                                             
                                                                                   400 000 сом
                                                                      ",https://im.mashina.kg/tachka/images//2/2/5/22577505994de555543aa64179028e56_240x180.jpg,        мотоцикл                    
"
        Kawasaki W 650
              ","
$ 4 999
                                                             
                                                                                   440 612 сом
                                                                      ",https://im.mashina.kg/tachka/images//7/a/c/7ac583ff874abb9d782214470b14dd97_240x180.jpg,        мотоцикл                    
"
        Китай (NoName) Электроскутер
              ","
$ 1 350
                                                             
                                                                                   119 000 сом
                                                                      ",https://im.mashina.kg/tachka/images//7/3/2/7320b2af5b722f88b2e58d6422209469_240x180.jpg,        скутер                    
"
        Suzuki SV 400
              ","
$ 2 836
                                                             
                                                                                   250 000 сом
                                                                      ",https://im.mashina.kg/tachka/images//8/0/a/80a6355616d41ebf9da53e3ef21f25c6_240x180.jpg,        мотоцикл                    
"
        Yamaha YZF-R3
              ","
$ 2 383
                                                             
                                                                                   210 000 сом
                                                                      ",https://im.mashina.kg/tachka/images//0/3/b/03bfc3e48aa2074cd6362cd666775a1f_240x180.jpg,        мотоцикл                    
"
        Daelim SV
              ","
$ 908
                                                             
                                                                                   80 000 сом
                                                                      ",https://im.mashina.kg/tachka/images//1/a/0/1a006471d909ff9686aa13a2c4329ca6_240x180.jpg,        скутер                    
"
        Урал М 100
              ","
$ 1 135
                                                             
                                                                                   100 000 сом
                                                                      ",https://im.mashina.kg/tachka/images//3/a/5/3a502da7c36d76c7020babff30508300_240x180.jpg,        мотоцикл                    
"
        Suzuki GSX-R 600
              ","
$ 5 999
                                                             
                                                                                   528 752 сом
                                                                      ",https://im.mashina.kg/tachka/images//b/4/4/b448b2612619bef2c2b256706dec5187_240x180.jpg,        мотоцикл                    
"
        Yamaha YZF-R6
              ","
$ 5 999
                                                             
                                                                                   528 752 сом
                                                                      ",https://im.mashina.kg/tachka/images//c/7/3/c73bdaa20a51f6a5077a141f130548f3_240x180.jpg,        мотоцикл                    
"
        Yamaha YZF-R1
              ","
$ 7 300
                                                             
                                                                                   643 422 сом
                                                                      ",https://im.mashina.kg/tachka/images//c/6/e/c6e58eb1ded1b6b49dab5968829512b2_240x180.jpg,        мотоцикл                    
"
        Китай (NoName) Скутеры
              ","
$ 50 000
                                                             
                                                                                   4 407 000 сом
                                                                      ",https://im.mashina.kg/tachka/images//3/3/7/337548ed801da0fb8844a5cbc965f46f_240x180.jpg,        скутер                    
"
        Yamaha FZ6
              ","
$ 4 200
                                                             
                                                                                   370 188 сом
                                                                      ",https://im.mashina.kg/tachka/images//1/1/3/1133da775d6192c9445b3ea3733c8199_240x180.jpg,        мотоцикл                    
"
        BRP Renegade
              ","
$ 28 500
                                                             
                                                                                   2 511 990 сом
                                                                      ",https://im.mashina.kg/tachka/images//9/0/0/9001450a3105ad7e1fbea095028d7ab2_240x180.jpg,        мотовездеход                    
"
        BMW R 1150 RS
              ","
$ 4 600
                                                             
                                                                                   405 444 сом
                                                                      ",https://im.mashina.kg/tachka/images//b/0/7/b077d831dcb4c8714672b84f3c59b5a2_240x180.jpg,        мотоцикл                    
"
        Kawasaki Ninja
              ","
$ 5 200
                                                             
                                                                                   458 328 сом
                                                                      ",https://im.mashina.kg/tachka/images//6/7/9/679bf2f07c4562d9e8330e60722a450a_240x180.jpg,        мотоцикл                    
"
        Yamaha SR 400
              ","
$ 6 900
                                                             
                                                                                   608 166 сом
                                                                      ",https://im.mashina.kg/tachka/images//e/2/1/e214337ca4f9c9cad3ce414adf668487_240x180.jpg,        мотоцикл                    
"
        Yamaha FZ6
              ","
$ 7 000
                                                             
                                                                                   616 980 сом
                                                                      ",https://im.mashina.kg/tachka/images//9/7/0/9702707b13f47ea765f321601628799e_240x180.jpg,        мотоцикл                    
"
        Yamaha V-Max
              ","
$ 7 100
                                                             
                                                                                   625 794 сом
                                                                      ",https://im.mashina.kg/tachka/images//8/f/e/8feab24b8dbb64ba97d86f0bcf4a5d70_240x180.jpg,        мотоцикл                    
"
        BRP Outlander 1000
              ","
$ 30 000
                                                             
                                                                                   2 644 200 сом
                                                                      ",https://im.mashina.kg/tachka/images//3/9/0/390b272413b54e3a16c9294d28b25b9e_240x180.jpg,        мотовездеход                    
"
        BRP Outlander 1000
              ","
$ 27 000
                                                             
                                                                                   2 379 780 сом
                                                                      ",https://im.mashina.kg/tachka/images//0/6/6/066fa873cd014d3daafb4efaab9d415a_240x180.jpg,        мотовездеход                    
"
        BRP Outlander 1000
              ","
$ 27 000
                                                             
                                                                                   2 379 780 сом
                                                                      ",https://im.mashina.kg/tachka/images//f/c/9/fc9aa1f7f95c12bfb008927fb58ea904_240x180.jpg,        мотовездеход                    
"
        Yamaha YZF 1000 R1
              ","
$ 5 000
                                                             
                                                                                   440 700 сом
                                                                      ",https://im.mashina.kg/tachka/images//8/4/a/84a95766e4109632a745352bbd3ce268_240x180.jpg,        мотоцикл                    
"
        BMW K 1200 GT
              ","
$ 6 500
                                                             
                                                                                   572 910 сом
                                                                      ",https://im.mashina.kg/tachka/images//a/c/d/acdde331c8ccde72432eea576a0e95ef_240x180.jpg,        мотоцикл                    
"
        Honda CBR 600
              ","
$ 5 800
                                                             
                                                                                   511 212 сом
                                                                      ",https://im.mashina.kg/tachka/images//0/4/b/04beb2a33eb032df8400afcb45c73f04_240x180.jpg,        мотоцикл                    
"
        CFMoto Jet Max (CF250T-6A)
              ","
$ 511
                                                             
                                                                                   45 000 сом
                                                                      ",https://im.mashina.kg/tachka/images//3/7/7/377353482659c5b1039e6f7c8f5116c0_240x180.jpg,        скутер                    
"
        BRP Outlander 500
              ","
$ 9 000
                                                             
                                                                                   793 260 сом
                                                                      ",https://im.mashina.kg/tachka/images//8/3/b/83b4a672ab6e4853ac22773fbf472b55_240x180.jpg,        мотовездеход                    
"
        Dnepr (Днепр) MT 11
              ","
$ 1 475
                                                             
                                                                                   130 000 сом
                                                                      ",https://im.mashina.kg/tachka/images//1/6/b/16b8805d7550f02c88549ecc06104a96_240x180.jpg,        мотоцикл                    
"
        Yamaha Rhino
              ","
$ 397
                                                             
                                                                                   35 000 сом
                                                                      ",https://im.mashina.kg/tachka/images//1/6/1/1615003243dfe1883bc4c230fc5e9670_240x180.jpg,        багги                    
"
        Китай (NoName) 1P72MN (LH173MN)
              ","
$ 908
                                                             
                                                                                   80 000 сом
                                                                      ",https://im.mashina.kg/tachka/images//a/0/6/a06e06337a7a940c98bcc2cdb80c6ad0_240x180.jpg,        мотоцикл                    
"
        Peugeot XP 6
              ","
$ 2 700
                                                             
                                                                                   237 978 сом
                                                                      ",https://im.mashina.kg/tachka/images//c/6/2/c628abd8729564fa895dc67518488942_240x180.jpg,        мотоцикл                    
"
        E-Moto XJ50QT-2
              ","
$ 250
                                                             
                                                                                   22 000 сом
                                                                      ",https://im.mashina.kg/tachka/images//4/c/2/4c2bf9abe9dffd295758ea21ce847aa8_240x180.jpg,        скутер                    
"
        Китай (NoName) Скутеры
              ","
$ 442
                                                             
                                                                                   39 000 сом
                                                                      ",https://im.mashina.kg/tachka/images//c/2/0/c20c87c957138e2bc10a57ee03129f9f_240x180.jpg,        скутер                    
"
        Yamaha MT-03
              ","
$ 3 500
                                                             
                                                                                   308 490 сом
                                                                      ",https://im.mashina.kg/tachka/images//e/2/b/e2bc504805caa9ced229ef4fef1bd09f_240x180.jpg,        мотоцикл                    
"
        CFMoto CFORCE 850 XC
              ","
$ 13 500
                                                             
                                                                                   1 189 890 сом
                                                                      ",https://im.mashina.kg/tachka/images//e/1/f/e1f071582716ffec6a6fbc1ade218c15_240x180.jpg,        мотовездеход                    
"
        Suzuki Quadsport Z250
              ","
$ 2 212
                                                             
                                                                                   195 000 сом
                                                                      ",https://im.mashina.kg/tachka/images//2/a/5/2a535751af938aa8afa729db91c0a206_240x180.jpg,        мотовездеход                    
"
        Урал 8103-1
              ","
$ 1 475
                                                             
                                                                                   130 000 сом
                                                                      ",https://im.mashina.kg/tachka/images//9/2/c/92c8697bab0a9f6af4568f6c64b45e64_240x180.jpg,        мотоцикл                    
"
        Ducati 1199 Panigale
              ","
$ 2 950
                                                             
                                                                                   260 000 сом
                                                                      ",https://im.mashina.kg/tachka/images//2/f/6/2f63cf8ec700c065e72adf5f1ef0144d_240x180.jpg,        мотоцикл                    
"
        Yamaha YZF 600 S Thundercat
              ","
$ 4 300
                                                             
                                                                                   379 002 сом
                                                                      ",https://im.mashina.kg/tachka/images//c/7/5/c759fca2cac09a0f37473e0f62bcdde7_240x180.jpg,        мотоцикл                    
"
        Honda VFR
              ","
$ 2 836
                                                             
                                                                                   250 000 сом
                                                                      ",https://im.mashina.kg/tachka/images//6/f/f/6ff682b30f1803af8417f440b559d34c_240x180.jpg,        мотоцикл                    
"
        KAYO T2
              ","
$ 1 622
                                                             
                                                                                   143 000 сом
                                                                      ",https://im.mashina.kg/tachka/images//1/4/a/14a1dd60599647bf4987d0479467e855_240x180.jpg,        мотоцикл                    
"
        Honda CB 600
              ","
$ 5 800
                                                             
                                                                                   511 212 сом
                                                                      ",https://im.mashina.kg/tachka/images//8/8/d/88d4a98eae63c4446e918607f0b8dd17_240x180.jpg,        мотоцикл                    
"
        ИЖ Планета
              ","
$ 227
                                                             
                                                                                   20 000 сом
                                                                      ",https://im.mashina.kg/tachka/images//2/3/a/23a6365443016df5003f4f5e63d48edd_240x180.jpg,        мотоцикл                    
"
        City Jet Basic
              ","
$ 794
                                                             
                                                                                   70 000 сом
                                                                      ",https://im.mashina.kg/tachka/images//3/6/6/36601703f480920bbdd3608e1e99470e_240x180.jpg,        скутер                    
"
        Урал M 72
              ","
$ 340
                                                             
                                                                                   30 000 сом
                                                                      ",https://im.mashina.kg/tachka/images//4/e/2/4e2e319eb524c8353b45d72b7cff4880_240x180.jpg,        мотоцикл                    
"
        Honda CB 175
              ","
$ 1 815
                                                             
                                                                                   160 000 сом
                                                                      ",https://im.mashina.kg/tachka/images//a/5/c/a5c7d12bc04627cd683f50ea1bcac02e_240x180.jpg,        мотоцикл                    
"
        Yamaha R
              ","
$ 2 836
                                                             
                                                                                   250 000 сом
                                                                      ",https://im.mashina.kg/tachka/images//0/b/2/0b27024142fd24593bda3c64c6afa4cf_240x180.jpg,        мотоцикл                    
"
        Honda VT 750
              ","
$ 7 100
                                                             
                                                                                   625 794 сом
                                                                      ",https://im.mashina.kg/tachka/images//c/1/7/c17f06edea30e427591e6927adb78fb7_240x180.jpg,        мотоцикл                    
"
        Suzuki GSF 650 Bandit
              ","
$ 5 900
                                                             
                                                                                   520 026 сом
                                                                      ",https://im.mashina.kg/tachka/images//6/0/1/6019ad807f489c36fb8d325dfdb4025b_240x180.jpg,        мотоцикл                    
"
        Kawasaki VN 900
              ","
$ 7 000
                                                             
                                                                                   616 980 сом
                                                                      ",https://im.mashina.kg/tachka/images//f/9/2/f9236ac528c12319e6b484011d9bed2a_240x180.jpg,        мотоцикл                    
"
        Honda XL
              ","
$ 3 700
                                                             
                                                                                   326 118 сом
                                                                      ",https://im.mashina.kg/tachka/images//1/2/6/1269d16ad7f66d1ed4c4e869fab1beb9_240x180.jpg,        мотоцикл                    
"
        ИЖ Планета
              ","
$ 454
                                                             
                                                                                   40 000 сом
                                                                      ",https://im.mashina.kg/tachka/images//a/a/3/aa3ab4743a26e9a2dafa4647c28c15c9_240x180.jpg,        мотоцикл                    
"
        Honda Dio
              ","
$ 442
                                                             
                                                                                   39 000 сом
                                                                      ",https://im.mashina.kg/tachka/images//0/2/d/02de6c247117269e6f0f7860eb3ba26f_240x180.jpg,        скутер                    
"
        Honda Dio
              ","
$ 692
                                                             
                                                                                   61 000 сом
                                                                      ",https://im.mashina.kg/tachka/images//c/3/c/c3c9b45739d23bc23783ee3aaaf34959_240x180.jpg,        скутер                    
"
        Китай (NoName) Электроскутер
              ","
$ 681
                                                             
                                                                                   60 000 сом
                                                                      ",https://im.mashina.kg/tachka/images//c/f/9/cf9f6e955b29c8c0847966311118fdfe_240x180.jpg,        скутер                    
"
        Honda CB 125
              ","
$ 794
                                                             
                                                                                   70 000 сом
                                                                      ",https://im.mashina.kg/tachka/images//3/5/f/35fa8bee40a9847b55dcf3a2afda49f0_240x180.jpg,        мотоцикл                    
"
        Honda CBR 600
              ","
$ 6 666
                                                             
                                                                                   587 541 сом
                                                                      ",https://im.mashina.kg/tachka/images//2/0/4/204804773e59c2a4ef02bd1cbe38ff05_240x180.jpg,        мотоцикл                    
"
        Daelim A-Four
              ","
$ 567
                                                             
                                                                                   50 000 сом
                                                                      ",https://im.mashina.kg/tachka/images//c/0/5/c0556d08ccddcc2caa912fc93852e070_240x180.jpg,        скутер                    
"
        Kawasaki KX
              ","
$ 3 700
                                                             
                                                                                   326 118 сом
                                                                      ",https://im.mashina.kg/tachka/images//a/9/9/a99011366616a5837a4ee3bab9f0cff0_240x180.jpg,        мотоцикл                    
"
        Honda CBR 600
              ","
$ 3 177
                                                             
                                                                                   280 000 сом
                                                                      ",https://im.mashina.kg/tachka/images//5/0/5/50548f2ea7194836331bda38e9b0a7f8_240x180.jpg,        мотоцикл                    
"
        Honda XRV (Africa Twin)
              ","
$ 12 500
                                                             
                                                                                   1 101 750 сом
                                                                      ",https://im.mashina.kg/tachka/images//a/3/8/a38bfd3e28712226f623b3364c3968ce_240x180.jpg,        мотоцикл                    
"
        Yamaha R
              ","
$ 7 100
                                                             
                                                                                   625 794 сом
                                                                      ",https://im.mashina.kg/tachka/images//5/7/b/57be4199853528bcfaa994dda823757e_240x180.jpg,        мотоцикл                    
"
        Kawasaki Ninja
              ","
$ 7 100
                                                             
                                                                                   625 794 сом
                                                                      ",https://im.mashina.kg/tachka/images//9/f/9/9f946c83d04eeff585710e9dc072cc5c_240x180.jpg,        мотоцикл                    
"
        Honda CBR 1000
              ","
$ 17 500
                                                             
                                                                                   1 542 450 сом
                                                                      ",https://im.mashina.kg/tachka/images//1/1/5/115d18a2ac7570f14e5728cfb60dcd72_240x180.jpg,        мотоцикл                    
"
        Kawasaki Ninja
              ","
$ 6 250
                                                             
                                                                                   550 875 сом
                                                                      ",https://im.mashina.kg/tachka/images//1/8/2/18259d6e93554f36b395c4aca7954354_240x180.jpg,        мотоцикл                    
"
        BMW F 850 GS
              ","
$ 2 215
                                                             
                                                                                   195 250 сом
                                                                      ",https://im.mashina.kg/tachka/images//f/5/8/f58a83ba1700b352e2680826126db617_240x180.jpg,        мотоцикл                    
"
        Racer Pitbike
              ","
$ 1 588
                                                             
                                                                                   140 000 сом
                                                                      ",https://im.mashina.kg/tachka/images//a/6/9/a697e3f6522103034c4b5d599742ff5b_240x180.jpg,        мотоцикл                    
"
        Honda Hornet
              ","
$ 5 500
                                                             
                                                                                   484 880 сом
                                                                      ",https://im.mashina.kg/tachka/images//6/8/d/68d392d7368fc550f7432ba67f496247_240x180.jpg,        мотоцикл                    
"
        Honda CBR 600
              ","
$ 6 500
                                                             
                                                                                   572 910 сом
                                                                      ",https://im.mashina.kg/tachka/images//f/3/5/f35782956485632cd1018ceb5b202e29_240x180.jpg,        мотоцикл                    
"
        Suzuki GSX-S 1000
              ","
$ 10 500
                                                             
                                                                                   925 470 сом
                                                                      ",https://im.mashina.kg/tachka/images//d/0/8/d08d54c526b9ce55072215a974867c17_240x180.jpg,        мотоцикл                    
"
        Suzuki TS 200
              ","
$ 1 135
                                                             
                                                                                   100 000 сом
                                                                      ",https://im.mashina.kg/tachka/images//e/8/4/e8462a797d56095eb775c784aed19e95_240x180.jpg,        мотоцикл                    
"
        Yamaha AS 3
              ","
$ 601
                                                             
                                                                                   53 000 сом
                                                                      ",https://im.mashina.kg/tachka/images//d/f/e/dfe1212f3b69b31c6f6538466392a38c_240x180.jpg,        мотоцикл                    
"
        Урал М 100
              ","
$ 284
                                                             
                                                                                   25 000 сом
                                                                      ",https://im.mashina.kg/tachka/images//2/f/c/2fc89688960813b504f36560f90e37a6_240x180.jpg,        мотоцикл                    
"
        Honda CBR 1000
              ","
$ 6 900
                                                             
                                                                                   608 166 сом
                                                                      ",https://im.mashina.kg/tachka/images//5/f/2/5f214d5b9a16f106542fedbd24180ef8_240x180.jpg,        мотоцикл                    
"
        Kawasaki Z 900
              ","
$ 10 500
                                                             
                                                                                   925 470 сом
                                                                      ",https://im.mashina.kg/tachka/images//7/9/0/79049f2ae9a4ee3dcc87cb59eb8693a6_240x180.jpg,        мотоцикл                    
"
        Jawa 350
              ","
$ 1 815
                                                             
                                                                                   160 000 сом
                                                                      ",https://im.mashina.kg/tachka/images//b/8/1/b8195913dff57b935179eaa2828e1796_240x180.jpg,        мотоцикл                    
"
        Honda NT 650
              ","
$ 5 000
                                                             
                                                                                   440 700 сом
                                                                      ",https://im.mashina.kg/tachka/images//6/5/d/65ddf9686064ae2b3b75a172bea61dcd_240x180.jpg,        мотоцикл                    
"
        Yamaha YZ 450F
              ","
$ 4 500
                                                             
                                                                                   396 630 сом
                                                                      ",https://im.mashina.kg/tachka/images//1/2/9/1294fb02e79fc4d427f6e023209aa348_240x180.jpg,        мотоцикл                    
"
        Avantis Condor
              ","
$ 1 361
                                                             
                                                                                   120 000 сом
                                                                      ",https://im.mashina.kg/tachka/images//c/c/d/ccdb91dcfa08bd4ab2b6dd0d3fc8df44_240x180.jpg,        мотоцикл                    
"
        Honda Today
              ","
$ 613
                                                             
                                                                                   54 000 сом
                                                                      ",https://im.mashina.kg/tachka/images//a/9/b/a9bc9aa0429c7018724d2fe0aa9f0750_240x180.jpg,        скутер                    
"
        Suzuki Lets
              ","
$ 567
                                                             
                                                                                   50 000 сом
                                                                      ",https://im.mashina.kg/tachka/images//7/b/7/7b7198b94ef104351a864d4c012248dd_240x180.jpg,        скутер                    
"
        Motoland XR (Monster)
              ","
$ 1 418
                                                             
                                                                                   125 000 сом
                                                                      ",https://im.mashina.kg/tachka/images//3/6/2/362c657fcb15725b56ddf0c5a8b81f34_240x180.jpg,        мотоцикл                    
"
        Snow Hawk 500 LT
              ","
$ 5 000
                                                             
                                                                                   440 700 сом
                                                                      ",https://im.mashina.kg/tachka/images//5/5/8/5589ee7ed7346884f555909ccf49eb70_240x180.jpg,        снегоход                      
"
        KTM 505 SX-F
              ","
$ 3 000
                                                             
                                                                                   264 420 сом
                                                                      ",https://im.mashina.kg/tachka/images//6/9/4/69490959ccec70ff564aef05666432bc_240x180.jpg,        мотоцикл                    
"
        Zongshen CQR-250
              ","
$ 1 475
                                                             
                                                                                   130 000 сом
                                                                      ",https://im.mashina.kg/tachka/images//e/8/c/e8c93d4b2c7f06449f44ae4b28d6fda8_240x180.jpg,        мотоцикл                    
"
        Geely JL125T-5C
              ","
$ 669
                                                             
                                                                                   59 000 сом
                                                                      ",https://im.mashina.kg/tachka/images//d/e/3/de38dc2ff7b60fb6a20b61efa90c6871_240x180.jpg,        скутер                    
"
        Alpina Sherpa
              ","
$ 16 999
                                                             
                                                                                   1 498 292 сом
                                                                      ",https://im.mashina.kg/tachka/images//c/0/b/c0bf48827ab1f9dfac43ada10919d0d3_240x180.jpg,        снегоход                      
"
        Stels Enduro
              ","
$ 964
                                                             
                                                                                   85 000 сом
                                                                      ",https://im.mashina.kg/tachka/images//8/f/9/8f976e7b2a2bf7c7c974e81dddf92fca_240x180.jpg,        мотоцикл                    
"
        Honda Dio
              ","
$ 590
                                                             
                                                                                   52 000 сом
                                                                      ",https://im.mashina.kg/tachka/images//6/b/a/6ba986940d97e2e1639dbc26cb538c05_240x180.jpg,        скутер                    
"
        Китай (NoName) 1P72MN (LH173MN)
              ","
$ 3 000
                                                             
                                                                                   264 420 сом
                                                                      ",https://im.mashina.kg/tachka/images//f/7/d/f7dd5ca6d8346be12f24fcea1cb87a6d_240x180.jpg,        мотоцикл                    
"
        Honda PCX
              ","
$ 2 836
                                                             
                                                                                   250 000 сом
                                                                      ",https://im.mashina.kg/tachka/images//5/4/e/54e214b8e6c25d9f0d0bcbd3d5ad60c7_240x180.jpg,        скутер                    
"
        Ducati Diavel
              ","
$ 12 500
                                                             
                                                                                   1 101 750 сом
                                                                      ",https://im.mashina.kg/tachka/images//9/3/4/9341483bce30df9953c4abdced185f2c_240x180.jpg,        мотоцикл                    
"
        BRP Outlander 1000
              ","
$ 15 000
                                                             
                                                                                   1 322 100 сом
                                                                      ",https://im.mashina.kg/tachka/images//8/2/8/82896bec9425619fa863e6fa7c7b0458_240x180.jpg,        мотовездеход                    
"
        Triumph Tiger
              ","
$ 11 000
                                                             
                                                                                   969 540 сом
                                                                      ",https://im.mashina.kg/tachka/images//8/7/7/877056d746274d8d16452661cca8f1c9_240x180.jpg,        мотоцикл                    
"
        BMW F 850 GS
              ","
$ 13 700
                                                             
                                                                                   1 207 518 сом
                                                                      ",https://im.mashina.kg/tachka/images//5/e/9/5e907fdad1d81ebb42548cca76907906_240x180.jpg,        мотоцикл                    
"
        BMW C 650 GT
              ","
$ 420
                                                             
                                                                                   37 000 сом
                                                                      ",https://im.mashina.kg/tachka/images//4/c/0/4c0dc0bab3085150d10e884521c2e43b_240x180.jpg,        скутер                    
"
        Kawasaki Z 800
              ","
$ 8 500
                                                             
                                                                                   749 190 сом
                                                                      ",https://im.mashina.kg/tachka/images//d/7/1/d71177dad48e6e8fa7970faa20568bf1_240x180.jpg,        мотоцикл                    
"
        Китай (NoName) Электроскутер
              ","
$ 340
                                                             
                                                                                   30 000 сом
                                                                      ",https://im.mashina.kg/tachka/images//4/a/3/4a3de012b2cf635f2b0ba0e3f0ec4f41_240x180.jpg,        скутер                    
"
        Zongshen CQR-250
              ","
$ 1 418
                                                             
                                                                                   125 000 сом
                                                                      ",https://im.mashina.kg/tachka/images//0/6/6/066f86244b914bd409ca73fe6fee0c33_240x180.jpg,        мотоцикл                    
"
        Yamaha YZF-R1
              ","
$ 7 500
                                                             
                                                                                   661 050 сом
                                                                      ",https://im.mashina.kg/tachka/images//3/8/a/38aa754129d396dff4327ef7602f938f_240x180.jpg,        мотоцикл                    
"
        CFMoto 650NK
              ","
$ 17 500
                                                             
                                                                                   1 542 450 сом
                                                                      ",https://im.mashina.kg/tachka/images//8/d/8/8d8ab19ac1c6a72f3c0aa9d66176eae2_240x180.jpg,        мотоцикл                    
"
        CFMoto 650NK
              ","
$ 17 000
                                                             
                                                                                   1 498 380 сом
                                                                      ",https://im.mashina.kg/tachka/images//7/3/f/73f60736f720def0c7182346f90894ef_240x180.jpg,        мотоцикл                    
"
        CFMoto 650NK
              ","
$ 13 700
                                                             
                                                                                   1 207 792 сом
                                                                      ",https://im.mashina.kg/tachka/images//8/8/2/88294af1171825bbd9d466915fbf83a2_240x180.jpg,        мотоцикл                    
"
        Китай (NoName) QM200-2V
              ","
$ 2 000
                                                             
                                                                                   176 280 сом
                                                                      ",https://im.mashina.kg/tachka/images//f/b/5/fb53c20f094ef786f2c3610177ee9668_240x180.jpg,        мотоцикл                    
"
        Kawasaki Z 900
              ","
$ 13 000
                                                             
                                                                                   1 145 820 сом
                                                                      ",https://im.mashina.kg/tachka/images//c/e/9/ce901beaf3819930e302c56c20aa1993_240x180.jpg,        мотоцикл                    
"
        ИЖ 49
              ","
$ 1 050
                                                             
                                                                                   92 547 сом
                                                                      ",https://im.mashina.kg/tachka/images//c/5/c/c5cece163f1f08d4c47ba8eb3e709fe9_240x180.jpg,        скутер                    
"
        Honda VT 250
              ","
$ 1 900
                                                             
                                                                                   167 466 сом
                                                                      ",https://im.mashina.kg/tachka/images//2/c/1/2c13c450a5c60ed98c3337d01ce2a45d_240x180.jpg,        мотоцикл                    
"
        Zongshen ZS250GS
              ","
$ 1 418
                                                             
                                                                                   125 000 сом
                                                                      ",https://im.mashina.kg/tachka/images//9/5/9/95963cf257a5250c4fc838980e60928e_240x180.jpg,        мотоцикл                    
"
        Honda CBR 600
              ","
$ 3 177
                                                             
                                                                                   280 000 сом
                                                                      ",https://im.mashina.kg/tachka/images//4/c/2/4c22952e5adcce9978ad66185ac256b4_240x180.jpg,        мотоцикл                    
"
        Китай (NoName) Электроскутер
              ","
$ 908
                                                             
                                                                                   79 999 сом
                                                                      ",https://im.mashina.kg/tachka/images//9/b/6/9b617a21f62774bb8c6e767a0fed100a_240x180.jpg,        скутер                    
"
        Suzuki DR 125
              ","
$ 567
                                                             
                                                                                   50 000 сом
                                                                      ",https://im.mashina.kg/tachka/images//2/5/8/258e49498ec5f3eb3624e3c1dd98cbe5_240x180.jpg,        мотоцикл                    
"
        ИЖ Планета
              ","
$ 624
                                                             
                                                                                   55 000 сом
                                                                      ",https://im.mashina.kg/tachka/images//d/7/c/d7c43ae614520246b550e0e26e58fd26_240x180.jpg,        мотоцикл                    
"
        ИЖ Юпитер
              ","
$ 306
                                                             
                                                                                   27 000 сом
                                                                      ",https://im.mashina.kg/tachka/images//0/1/9/019a70092f86f9bccce58d49630db3a5_240x180.jpg,        мотоцикл                    
"
        Kawasaki BAYOU 220
              ","
$ 1 361
                                                             
                                                                                   120 000 сом
                                                                      ",https://im.mashina.kg/tachka/images//e/1/3/e13fd807a004f79b7627c6c2c70c9282_240x180.jpg,        мотовездеход                    
"
        Kawasaki Z 900
              ","
$ 10 000
                                                             
                                                                                   881 600 сом
                                                                      ",https://im.mashina.kg/tachka/images//4/d/5/4d5a47d4599a7a53dd8e31985d1f7518_240x180.jpg,        мотоцикл                    
"
        CFMoto CF800-U2 (Tracker 800)
              ","
$ 25 000
                                                             
                                                                                   2 203 500 сом
                                                                      ",https://im.mashina.kg/tachka/images//0/d/4/0d44e3b54e5228d12f675e43002f9c5e_240x180.jpg,        мотовездеход                    
"
        Honda CD
              ","
$ 908
                                                             
                                                                                   80 000 сом
                                                                      ",https://im.mashina.kg/tachka/images//8/0/f/80fbffb55e3bbfb56bc8bb7b9290b259_240x180.jpg,        мотоцикл                    
"
        Vespa Primavera
              ","
$ 5 100
                                                             
                                                                                   449 616 сом
                                                                      ",https://im.mashina.kg/tachka/images//d/2/0/d209b749619c1b7da0c1ec153120721b_240x180.jpg,        скутер                    
"
        Honda Zoomer
              ","
$ 2 300
                                                             
                                                                                   202 722 сом
                                                                      ",https://im.mashina.kg/tachka/images//1/3/7/13749ad7c2dffd215958a80befe60bf0_240x180.jpg,        скутер                    
"
        Honda Julio
              ","
$ 2 200
                                                             
                                                                                   193 908 сом
                                                                      ",https://im.mashina.kg/tachka/images//5/c/5/5c513c04319e27c56aa20b83e0ddcb80_240x180.jpg,        скутер                    
"
        Daelim Citi Ace 110
              ","
$ 737
                                                             
                                                                                   65 000 сом
                                                                      ",https://im.mashina.kg/tachka/images//9/f/c/9fc7f8002aeaf4808ee2d6b22640fe9d_240x180.jpg,        скутер                    
"
        BRP Spyder
              ","
$ 10 000
                                                             
                                                                                   881 400 сом
                                                                      ",https://im.mashina.kg/tachka/images//a/b/0/ab0c4706083ce60dd257c6e7b9c182da_240x180.jpg,        мотоцикл                    
"
        Honda CG 125
              ","
$ 1 191
                                                             
                                                                                   105 000 сом
                                                                      ",https://im.mashina.kg/tachka/images//c/2/6/c2610ca582e2594e6355d6c5fa97f3da_240x180.jpg,        мотоцикл                    
"
        Honda XL
              ","
$ 5 000
                                                             
                                                                                   440 700 сом
                                                                      ",https://im.mashina.kg/tachka/images//3/e/7/3e7ede22fa834f4345f0b5fc14bc58bd_240x180.jpg,        мотоцикл                    
"
        Kawasaki ZZR 600
              ","
$ 2 269
                                                             
                                                                                   200 000 сом
                                                                      ",https://im.mashina.kg/tachka/images//3/e/f/3ef3fa7d1e3421f15aa07bc16f34c32e_240x180.jpg,        мотоцикл                    
"
        Yamaha XJR 400 R
              ","
$ 2 269
                                                             
                                                                                   200 000 сом
                                                                      ",https://im.mashina.kg/tachka/images//b/f/d/bfd5b7b4cf94ffc7db645367d58780b2_240x180.jpg,        мотоцикл                    
"
        Suzuki LT 50
              ","
$ 794
                                                             
                                                                                   70 000 сом
                                                                      ",https://im.mashina.kg/tachka/images//6/d/5/6d58f8f84deae8fb2c3460bc0a301c68_240x180.jpg,        скутер                    
"
        Honda CMX250C
              ","
$ 15 000
                                                             
                                                                                   1 322 100 сом
                                                                      ",https://im.mashina.kg/tachka/images//0/3/8/038eee9df74be5932147093a4d60677b_240x180.jpg,        мотоцикл                    
"
        Kawasaki 250 TR
              ","
$ 2 200
                                                             
                                                                                   193 908 сом
                                                                      ",https://im.mashina.kg/tachka/images//3/2/2/3225d993af0440cac4aced69eed2d263_240x180.jpg,        мотоцикл                    
"
        ИЖ Планета
              ","
$ 227
                                                             
                                                                                   20 000 сом
                                                                      ",https://im.mashina.kg/tachka/images//c/7/1/c718f6e074591a4c54eeb20b38279f8b_240x180.jpg,        мотоцикл                    
"
        ИЖ Юпитер
              ","
$ 3 500
                                                             
                                                                                   308 490 сом
                                                                      ",https://im.mashina.kg/tachka/images//7/6/7/76779351f4bc1e22d3448f93c580433c_240x180.jpg,        мотоцикл                    
"
        Honda CBR 1000
              ","
$ 8 200
                                                             
                                                                                   722 748 сом
                                                                      ",https://im.mashina.kg/tachka/images//0/6/f/06f1b9ae1bb89ffdcb1c02274b64fed7_240x180.jpg,        мотоцикл                    
"
        Suzuki Boulevard
              ","
$ 6 800
                                                             
                                                                                   599 352 сом
                                                                      ",https://im.mashina.kg/tachka/images//8/1/5/815ddba7d988cbf2c0ad069faa3291cd_240x180.jpg,        мотоцикл                    
"
        Элит Комфорт
              ","
$ 737
                                                             
                                                                                   65 000 сом
                                                                      ",https://im.mashina.kg/tachka/images//9/e/6/9e6dcaba5e76c6f53e19144eb6406050_240x180.jpg,        скутер                    
"
        Yamaha YZF 1000 R1
              ","
$ 9 800
                                                             
                                                                                   863 772 сом
                                                                      ",https://im.mashina.kg/tachka/images//0/2/8/028f31afa2adf3f4667ed9df8800ae00_240x180.jpg,        мотоцикл                    
"
        BRP Spyder
              ","
$ 26 000
                                                             
                                                                                   2 291 640 сом
                                                                      ",https://im.mashina.kg/tachka/images//5/5/4/5542df0cb0b6d93ed39cd1c739e3d2f4_240x180.jpg,        мотоцикл                    
"
        Kawasaki Ninja
              ","
$ 6 800
                                                             
                                                                                   599 352 сом
                                                                      ",https://im.mashina.kg/tachka/images//9/5/c/95c7184e635086a8b1144726ce9d4149_240x180.jpg,        мотоцикл                    
"
        Honda VTX
              ","
$ 9 999
                                                             
                                                                                   881 312 сом
                                                                      ",https://im.mashina.kg/tachka/images//a/3/8/a38d04b7dd51c54722192fa38e2369cd_240x180.jpg,        мотоцикл                    
"
        Daelim SV
              ","
$ 454
                                                             
                                                                                   40 000 сом
                                                                      ",https://im.mashina.kg/tachka/images//b/4/4/b447ad34f4d96abb66dfc3fe0558859c_240x180.jpg,        скутер                    
"
        Китай (NoName) ATV 110
              ","
$ 1 475
                                                             
                                                                                   130 000 сом
                                                                      ",https://im.mashina.kg/tachka/images//8/0/9/809de1db2caa95beded2e56e0b79bf19_240x180.jpg,        мотовездеход                    
"
        Honda CB 500
              ","
$ 3 599
                                                             
                                                                                   317 216 сом
                                                                      ",https://im.mashina.kg/tachka/images//a/5/2/a52539ec505e421f2cc969247ff28304_240x180.jpg,        мотоцикл                    
"
        Honda CBR 600
              ","
$ 4 700
                                                             
                                                                                   414 258 сом
                                                                      ",https://im.mashina.kg/tachka/images//b/f/6/bf6d4b61702eef873114e7f55ffcf827_240x180.jpg,        мотоцикл                    
"
        Honda Dio
              ","
$ 794
                                                             
                                                                                   70 000 сом
                                                                      ",https://im.mashina.kg/tachka/images//5/e/6/5e6e6bab1b7d9b6ea156a38823afc122_240x180.jpg,        скутер                    
"
        Minsk (Минск) D4 125
              ","
$ 1 361
                                                             
                                                                                   120 000 сом
                                                                      ",https://im.mashina.kg/tachka/images//c/4/f/c4fc1eb7a220b23ccc3a0cab94b22ff5_240x180.jpg,        мотоцикл                    
"
        Honda Tact
              ","
$ 328
                                                             
                                                                                   28 900 сом
                                                                      ",https://im.mashina.kg/tachka/images//3/d/f/3df891e9b39bdd82d29be7eb9b991534_240x180.jpg,        скутер                    
"
        Yamaha Grizzly
              ","
$ 13 000
                                                             
                                                                                   1 145 820 сом
                                                                      ",https://im.mashina.kg/tachka/images//4/1/7/417401f5bb2ead0d6026fdb5839f9d2f_240x180.jpg,        мотовездеход                    
"
        BRP Outlander 1000
              ","
$ 14 000
                                                             
                                                                                   1 233 960 сом
                                                                      ",https://im.mashina.kg/tachka/images//1/4/3/143e0aceb96ef00305a0550cd30e644d_240x180.jpg,        мотовездеход                    
"
        ИЖ Планета
              ","
$ 908
                                                             
                                                                                   80 000 сом
                                                                      ",https://im.mashina.kg/tachka/images//b/6/c/b6cd35ef4324e8eba4b234384d3b5715_240x180.jpg,        мотоцикл                    
"
        ИЖ Иж-1
              ","
$ 340
                                                             
                                                                                   30 000 сом
                                                                      ",https://im.mashina.kg/tachka/images//7/2/c/72cb06c9f6963e1add46d0806bef7fdb_240x180.jpg,        мотоцикл                    
"
        Honda CBR 1000
              ","
$ 9 000
                                                             
                                                                                   793 440 сом
                                                                      ",https://im.mashina.kg/tachka/images//e/6/f/e6f90698688cb6a4bd6b43a8865de126_240x180.jpg,        мотоцикл                    
"
        Yamaha YZF-R1
              ","
$ 9 200
                                                             
                                                                                   810 888 сом
                                                                      ",https://im.mashina.kg/tachka/images//2/4/9/249fee2f95788f3b0be9f7db6733ec76_240x180.jpg,        мотоцикл                    
"
        Honda CBR 600
              ","
$ 3 700
                                                             
                                                                                   326 118 сом
                                                                      ",https://im.mashina.kg/tachka/images//6/4/1/6416f488ded86a9e683fd9c5c70240e4_240x180.jpg,        мотоцикл                    
"
        Kawasaki Ninja
              ","
$ 20 750
                                                             
                                                                                   1 828 905 сом
                                                                      ",https://im.mashina.kg/tachka/images//b/9/7/b9725f7bca64632be179e2bf2ed78e17_240x180.jpg,        мотоцикл                    
"
        Honda GL 1800
              ","
$ 27 500
                                                             
                                                                                   2 423 850 сом
                                                                      ",https://im.mashina.kg/tachka/images//b/6/b/b6be1e847cfa59c2614cadd7d4e32130_240x180.jpg,        мотоцикл                    
"
        Swift Lucky Strike Soft Tail
              ","
$ 3 000
                                                             
                                                                                   264 420 сом
                                                                      ",https://im.mashina.kg/tachka/images//0/e/b/0eb142303167cab996266481b8a1660e_240x180.jpg,        мотоцикл                    
"
        CZ 350
              ","
$ 1 701
                                                             
                                                                                   150 000 сом
                                                                      ",https://im.mashina.kg/tachka/images//6/b/d/6bd7732927f28f81a89844fb5402f1d7_240x180.jpg,        мотоцикл                    
"
        Yamaha FZ 400
              ","
$ 1 815
                                                             
                                                                                   160 000 сом
                                                                      ",https://im.mashina.kg/tachka/images//e/4/a/e4a88c4ffa5089b25d98ff360978dd68_240x180.jpg,        мотоцикл                    
"
        Китай (NoName) ATV 110
              ","
$ 1 100
                                                             
                                                                                   96 954 сом
                                                                      ",https://im.mashina.kg/tachka/images//0/3/0/030111d72cdb0886e312f53986a8e8cf_240x180.jpg,        мотовездеход                    
"
        Yamaha DT 250
              ","
$ 1 702
                                                             
                                                                                   150 000 сом
                                                                      ",https://im.mashina.kg/tachka/images//9/c/f/9cf6262a94db4b3b8c89f1b1cefd4681_240x180.jpg,        мотоцикл                    
"
        BMW C 1
              ","
$ 964
                                                             
                                                                                   85 000 сом
                                                                      ",https://im.mashina.kg/tachka/images//4/3/a/43abf628458c1e1d4d17121c8cfce537_240x180.jpg,        скутер                    
"
        Honda CBR 1000
              ","
$ 6 500
                                                             
                                                                                   572 910 сом
                                                                      ",https://im.mashina.kg/tachka/images//0/6/7/067cb3a56b708a91c941ec5177ad352b_240x180.jpg,        мотоцикл                    
"
        Yamaha YZF-R6
              ","
$ 5 700
                                                             
                                                                                   502 398 сом
                                                                      ",https://im.mashina.kg/tachka/images//c/4/6/c469da5c2066ffa373b584ac7e0fcd4f_240x180.jpg,        мотоцикл                    
"
        ИЖ Планета
              ","
$ 340
                                                             
                                                                                   30 000 сом
                                                                      ",https://im.mashina.kg/tachka/images//5/5/6/5563c2bb5ddaa48bea06d855dc28c5fb_240x180.jpg,        мотоцикл                    
"
        Китай (NoName) QM200-2V
              ","
$ 681
                                                             
                                                                                   60 000 сом
                                                                      ",https://im.mashina.kg/tachka/images//8/7/e/87ed70f4bf8a3e9bbd6e0f004b2c7e59_240x180.jpg,        мотоцикл                    
"
        ИЖ Юпитер
              ","
$ 511
                                                             
                                                                                   45 000 сом
                                                                      ",https://im.mashina.kg/tachka/images//e/2/3/e23d115363a2cba43b4e972096dd399e_240x180.jpg,        мотоцикл                    
"
        CFMoto Jet Max (CF250T-6A)
              ","
$ 1 543
                                                             
                                                                                   136 000 сом
                                                                      ",https://im.mashina.kg/tachka/images//6/f/7/6f7eb3adc363e94b7c98416a82e30ec7_240x180.jpg,        скутер                    
"
        Yamaha WR
              ","
$ 2 156
                                                             
                                                                                   190 000 сом
                                                                      ",https://im.mashina.kg/tachka/images//2/2/1/221e9b82d71284d8e057cea789f22eb3_240x180.jpg,        мотоцикл                    
"
        Yamaha YZF-R1
              ","
$ 4 600
                                                             
                                                                                   405 444 сом
                                                                      ",https://im.mashina.kg/tachka/images//9/1/3/913c3229187e441e2f55087fcdd9ceee_240x180.jpg,        мотоцикл                    
"
        ИЖ Планета
              ","
$ 908
                                                             
                                                                                   80 000 сом
                                                                      ",https://im.mashina.kg/tachka/images//c/3/4/c348ec204ed8c74b17f80ee1b36cea45_240x180.jpg,        мотоцикл                    
"
        Lifan LF125
              ","
$ 1 361
                                                             
                                                                                   120 000 сом
                                                                      ",https://im.mashina.kg/tachka/images//a/5/8/a58dfe84a31573a3ed799236e46bff8c_240x180.jpg,        скутер                    
"
        Honda CRF
              ","
$ 21 500
                                                             
                                                                                   1 895 010 сом
                                                                      ",https://im.mashina.kg/tachka/images//5/9/e/59ebade49f84ff9724a7fbd5405c411f_240x180.jpg,        мотоцикл                    
"
        Yamaha Jog
              ","
$ 567
                                                             
                                                                                   50 000 сом
                                                                      ",https://im.mashina.kg/tachka/images//f/b/c/fbc092aba117ea3c5ff1103e32cb6ebf_240x180.jpg,        скутер                    
"
        Suzuki GSR 750
              ","
$ 5 999
                                                             
                                                                                   528 752 сом
                                                                      ",https://im.mashina.kg/tachka/images//b/f/4/bf4948fcce237302bef54c930dc4184a_240x180.jpg,        мотоцикл                    
"
        Suzuki GSF 600 Bandit
              ","
$ 2 383
                                                             
                                                                                   210 000 сом
                                                                      ",https://im.mashina.kg/tachka/images//0/e/7/0e798816748213909228becd54a7bfe5_240x180.jpg,        мотоцикл                    
"
        Китай (NoName) QM200-2V
              ","
$ 1 820
                                                             
                                                                                   160 415 сом
                                                                      ",https://im.mashina.kg/tachka/images//8/2/c/82c04cf81d43e2604ca83b3b94810f6a_240x180.jpg,        мотоцикл                    
"
        Китай (NoName) YQ50
              ","
$ 1 400
                                                             
                                                                                   123 396 сом
                                                                      ",https://im.mashina.kg/tachka/images//4/0/d/40de5a43b4afc1f0b1e74765b147f24a_240x180.jpg,        мотоцикл                    
"
        Китай (NoName) YQ50
              ","
$ 1 150
                                                             
                                                                                   101 361 сом
                                                                      ",https://im.mashina.kg/tachka/images//e/c/4/ec45eb02476400fdfc7023f6c00180f1_240x180.jpg,        мотоцикл                    
"
        Polaris Ranger
              ","
$ 908
                                                             
                                                                                   80 000 сом
                                                                      ",,        багги                    
"
        Honda CRF
              ","
$ 3 600
                                                             
                                                                                   317 304 сом
                                                                      ",https://im.mashina.kg/tachka/images//2/6/4/264658ddade39a82919c8eae8ec697b8_240x180.jpg,        мотоцикл                    
"
        Honda Shadow
              ","
$ 5 500
                                                             
                                                                                   484 770 сом
                                                                      ",https://im.mashina.kg/tachka/images//0/a/e/0ae334f75303609e9aab0958c08adcc7_240x180.jpg,        мотоцикл                    
"
        Suzuki AG100 Address
              ","
$ 442
                                                             
                                                                                   39 000 сом
                                                                      ",,        скутер                    
"
        Восход 3
              ","
$ 794
                                                             
                                                                                   70 000 сом
                                                                      ",https://im.mashina.kg/tachka/images//c/4/d/c4dd660c5e104448ead850fe73cb0ab6_240x180.jpg,        мотоцикл                    
"
        Honda Dio
              ","
$ 340
                                                             
                                                                                   30 000 сом
                                                                      ",https://im.mashina.kg/tachka/images//c/2/8/c287f03dcb5731165b277d633f2eaa37_240x180.jpg,        скутер                    
"
        Honda Bite 50
              ","
$ 227
                                                             
                                                                                   20 000 сом
                                                                      ",https://im.mashina.kg/tachka/images//1/7/d/17d86d0150177ba1d763fd7787f2769e_240x180.jpg,        скутер                    
